{
    "baseURL": {
        "protocol": "https",
        "host": "dropgc.gift"
    },
    "externalLinks": {
        "support": "http://help.dropgc.gift",
        "statusPage": "https://status.dropgc.gift",
        "tawkEmbedLink": "https://embed.tawk.to"
    },
    "smtp": {
        "host": "smtp.gmail.com",
        "port": 587,
        "user": "",
        "pass": "",
        "from": "DropGC Team <>"
    },
    "discord": {
        "supportServerId": "", 
        "botToken": "",
        "oauth2": {
            "clientId": "",
            "clientSecret": ""
        },
        "webhooks": {
            "httpLog": "https://discord.com/api/webhooks/",
            "offerLog": "https://discord.com/api/webhooks/",
            "auditLog": "https://discord.com/api/webhooks/"
        }
    },
    "apikeys": {
        "googleAnalytics": "G-09ZSTETE26",
        "recaptcha": {
            "siteKey": "6Lfzo6kbAAAAAFPFkOhnARV1m1sys-ln27X1anPp",
            "secret": ""
        },
        "sentryDSN": "https://examplexxxx.ingest.sentry.io/5981534",
        "wannads": {
            "secret": "",
            "apiKey": "",
            "apiSecret": ""
        },
        "cpxResearch": {
            "securityHash": "",
            "appId": ""
        },
        "kiwiwall": {
            "secretKey": "",
            "wallId": ""
        },
        "mediumpath": {
            "secretKey": "",
            "apiKey": ""
        },
        "bitlabs": {
            "appToken": "",
            "secretKey": ""
        },
        "lootably": {
            "placementID": "",
            "postbackSecret": "",
            "apiKey": ""
        },
        "opinionCapital": {
            "panelNumber": "",
            "postbackSecret": ""
        }
    }
}